SG_FUN;CD_CLASSIFICACAO_MAN;DS_SER;DS_SSE;DS_RESUMO_MAN;DS_NOTAS_MAN;DS_PERIODO_PRODUCAO_MAN;AnoProducaoDe;AnoProducaoAte;NR_DOCUMENTOS_TIPO_MAN;DESCRITORES
AAS;1973.11.20;Ministro das Relações Exteriores;Assuntos gerais;Documentos felicitando Azeredo da Silveira pela nomeação para a pasta das Relações Exteriores, incluindo agradecimentos do titular às congratulações, os livros da cerimônia de posse do presidente da República Ernesto Geisel e da transferência de cargo de ministro, e o discurso de posse de Azeredo da Silveira.;A data do dossiê é anterior à posse de Azeredo da Silveira no MRE, devido a escolha do seu nome ter sido divulgada quando este ainda estava na Embaixada em Buenos Aires.;20.11.1973 a 00.00.1974;1973;1974;1832;"Felicitações e congratulações; Ministério das Relações Exteriores; Antônio Azeredo da Silveira; Agradecimentos; Diplomação e posse ; "
AAS;1974.01.16;Ministro das Relações Exteriores;Assuntos gerais;"Documentos referentes às diretrizes da política externa brasileira durante a gestão de Azeredo da Silveira como ministro das Relações Exteriores. A documentação é composta por relatórios, trabalhos e discursos do titular, nos quais aparece o caráter pragmático impresso à política externa desse período. Destacam-se documentos analisando a posição do Brasil em face à política americana relativa à Antardida e o relatório ""Realizações do Governo Geisel 1974-1979"" (pastas III e IV) abordando aspectos econômicos, políticos e culturais da política externa brasileira.";Constam anexos ao dossiê trabalhos e legislação sobre a política externa brasileira dos governos militares anteriores.  ;16.01.1974 a 00.03.1979;1974;1979;1116;"Acordos e tratados internacionais; Brasil; Cooperação internacional; Governo Ernesto Geisel (1974-1979); Organização das Nações Unidas; Oriente Médio; Política externa; Relações internacionais; Segurança nacional; Antártida; "
AAS;1974.01.22;Ministro das Relações Exteriores;Assuntos gerais;"Documentos referentes às questões burocráticas e administrativas do Itamaraty durante a atuação de Azeredo da Silveira como ministro das Relações Exteriores. O dossiê é constituído, primordialmente, por correspondência entre o titular e funcionários do Itamaraty. Tratam de viagens de trabalho, férias, transferência e remoções; credenciamentos de funcionários no exterior; quadro de acesso; auxílio consular a brasileiros no exterior; construção de moradia para os funcionários em Brasília; orçamento para o Ministério; criação e suprimento de cargos nas embaixadas; conservação do monumento brasileiro em Pistóia (Itália);  e processos administrativos de funcionários. Inclui ainda avisos (correspondência entre Ministros) contendo orientações do governo para o Ministério das Relações Exteriores e para a administração pública em geral.";NULL;22.01.1974 a 00.00.1979;1974;1979;1346;"Assuntos administrativos; Burocracia; Carreira diplomática; Finanças públicas; Ministério das Relações Exteriores; Representação diplomática; Instituições diplomáticas; "
AAS;1974.03.00/1;Ministro das Relações Exteriores;Assuntos gerais;Documentos referentes às relações sociais de Azeredo da Silveira durante sua gestão como ministro das Relações Exteriores. O dossiê é constituído, primordialmente, por correspondência entre o titular e diversas personalidades políticas, contendo felicitações, convites para eventos sociais, condolências, e pedidos encaminhados a Azeredo da Silveira e vice-versa, em sua maioria relacionados a empregos e cargos.;NULL;00.03.1974 a 00.03.1979;1974;1979;476;"Pedidos e solicitações; Antônio Azeredo da Silveira; Agradecimentos; Pêsames e condolências; Eventos e comemorações sociais; "
AAS;1974.03.00/2;Ministro das Relações Exteriores;Assuntos gerais;Documentos referentes à atuação de Azeredo da Silveira como ministro das Relações Exteriores em diversos assuntos, tais como relatório sobre a Fundação de Amizade dos Povos e Comunidades de Língua Portuguesa, política demográfica brasileira, economia brasileira, o Programa Nacional de Álcool, entre outros. Inclui ainda documentos relativo a condecorações de personalidades brasileiras e estrangeiras pelo governo do Brasil e do próprio titular.;NULL;00.03.1974 a 10.03.1979;1974;1979;272;"Alcool; Economia; Homenagens e condecorações; "
AAS;1974.03.13;Ministro das Relações Exteriores;Assuntos gerais;Agenda com os compromissos diários de Azeredo da Silveira durante sua gestão na pasta das Relações Exteriores. O dossiê inclui uma relação de diplomatas e personalidades recebidas nesse período e a listagem dos discursos e pronunciamentos proferidos pelo titular.;NULL;13.03.1974 a 23.12.1978;1974;1979;1236;"Assuntos administrativos; Viagens e visitas; Ministério das Relações Exteriores; Agendas e despachos; "
AAS;1974.03.15;Ministro das Relações Exteriores;Assuntos gerais;Discursos proferidos por Azeredo da Silveira e outras personalidades políticas nas mais diversas ocasiões no decorrer da sua gestão no Ministério das Relações Exteriores. Destaque para o discurso do titular, concentrado nos encadernados, por ocasiões de assinatura de diversos acordos e tratados, como por exemplo o Acordo de Transporte Marítimo com a Argélia (13/04/1976).;Das 7 pastas, 6 dizem respeito a documentos encadernados que, devido a sua espessura, não puderam ser colocados dentro das pastas, encontrando-se, fisicamente, no final do arquivo.;15.03.1974 a 13.03.1979;1974;1979;2052;"Acordos e tratados internacionais; China; Congressos e conferências; Homenagens e condecorações; Japão; Paraguai; Política externa; Recursos naturais; Argélia; Eventos e comemorações sociais; Bacia do Prata; "
AAS;1974.03.25;Ministro das Relações Exteriores;Assuntos gerais;"Documentos referentes à atuação de Azeredo da Silveira como Ministro das Relações Exteriores nas questões de segurança nacional. A documentação é constiuída por correspondência, informações dos órgãos de segurança e avisos, entre outros, tratando: da participação de exilados políticos brasileiros no Tribunal Bertrand Russel II, realizado, em Roma, em março de 1974; do ""turismo ideológico"" de estudantes brasileiros na China; do não reconhecimento da Anistia Internacional pelo governo brasileiro; da participação de João Goulart no movimento político ""Complot de Outubro""; do processo de comunização da Guiana e seus reflexos no Brasil; dos movimentos no exterior a favor da anistia no Brasil; da revogação do asilo de Leonel Brizola no Uruguai; da questão dos direitos humanos no Brasil; da participação de membros da Igreja em questões políticas e do Estado; e das relações entre o Brasil e os países do Leste europeu no campo político, tecnológico, comercial e cultural. Destaque para a intervenção do governo brasileiro na libertação de Flávia Schilling presa, no Uruguai, sob acusações de crimes políticos.";NULL;25.03.1974 a 13.03.1979;1974;1979;986;"América Latina; Anistia Internacional; Anticomunismo; Brasil; Chile; Comunismo; Direitos humanos; Exílio; Governo Ernesto Geisel (1974-1979); Governos militares (1964-1985); Ideologia; João Goulart; Leonel Brizola; Relações interamericanas; Segurança nacional; Serviço Nacional de Informações; Igreja e Estado; Militares e estado; Guiana; "
AAS;1974.05.27;Ministro das Relações Exteriores;Assuntos gerais;Palestras e conferências proferidas por Azeredo da Silveira como ministro das Relações Exteriores, em diversas instituições como a Escola Superior de Guerra, a Escola de Guerra Naval, faculdades e universidades, entre outras. Inclui conferências pronunciadas por ocasião de abertura ou encerramento dos trabalhos de diversas comissões da Câmara dos Deputados e do Senado Federal.;As 3 pastas dizem respeito a documentos encadernados e encontram-se localizados, fisicamente, no final do arquivo.;27.05.1974 a ;1974;1979;863;"Política externa; "
AAS;1977.07.00;Ministro das Relações Exteriores;Assuntos gerais;Documentos referentes aos cursos oferecidos pelo Itamaraty durante a atuação de Azeredo da Silveira como ministro das Relações Exteriores. Trata-se do Curso de Aperfeiçoamento de Diplomatas (CAD) sobre administração pública federal e do Curso de Altos estudos (CAE) sobre desenvolvimento regional do Brasil, ambos em julho de 1977.;As 2 pastas dizem respeito a documentos encadernados e encontram-se fisicamente localizados no final do arquivo.;00.07.1977;1977;1977;1451;"Administração federal; Administração pública; Amazonas; Brasil; Desenvolvimento regional; Ministério das Relações Exteriores; Região Nordeste; Regionalismo; "
AAS;1977.11.25;Ministro das Relações Exteriores;Assuntos gerais;Documentos referentes às entrevistas concedidas por Azeredo da Silveira, durante sua atuação como ministro das Relações Exteriores, abordando temas da política externa brasileira e da política internacional, com ênfase nas relações do Brasil com a África e com a América Latina.;NULL;25.11.1977 a 00.00.1978;1977;1978;70;"Itaipú Binacional; Política externa; Relações internacionais; Representação diplomática; Política internacional; Senegal; Angola; "
AAS;1978.08.30;Ministro das Relações Exteriores;Assuntos gerais;Documentos referentes à eleição de João Batista Figueiredo para presidente da República, incluindo as contribuições do ministro Azeredo da Silveira, para o próximo governo, nas questões referentes à política externa. Destaque para a exposição elaborada por Azeredo da Silveira sobre a política externa brasileira, no cenário mundial, durante a sua gestão.;" Consta anexo ao dossiê o trabalho ""Novas Perspectivas da Política Externa Brasileira, 1979-1985"", de autoria de Roberto Campos, candidato a vaga de ministro.";30.08.1978 a 00.03.1979;1978;1979;135;"João Batista de Oliveira Figueiredo; Política externa; Diplomação e posse ; "
AAS;1979.01.12;Ministro das Relações Exteriores;Assuntos gerais;Documentos felicitando Azeredo da Silveira pela atuação como ministro das Relações Exteriores, incluindo seu discurso proferido por ocasião da transmissão do cargo ao novo ministro Ramiro Saraiva Guerreiro.;A data do dossiê ultrapassa a gestão de Azeredo da Silveira no Ministério das Relações Exteriores porque ao assumir a embaixada em Washington ele continuou recebendo telegramas de felicitações pelá sua gestão no MRE.;12.01.1978 a 00.06.1979;1978;1979;143;"Felicitações e congratulações; Ministério das Relações Exteriores; Antônio Azeredo da Silveira; Agradecimentos; Elogios e críticas; Diplomação e posse ; "
AAS;1974.04.02;Ministro das Relações Exteriores;Assuntos interamericanos;"Documentos referentes à Organização dos Estados Americanos (OEA) no período de atuação de Azeredo da Silveira como ministro das Relações Exteriores. Tratam: da Conferência Interamericana de Chanceleres realizada em Washington, em abril de 1974, dando continuidade ao diálogo iniciado na Conferência de Tlatelolco (México), em fevereiro de 1974, e onde se discutiu a estrutura do comércio internacional, o Canal do Panamá e a cooperação para o desenvolvimento; da IV Assembléia Geral realizada em Atlanta, em abril de 1974, abordando a admissão da Grã-Bretanha como observadora da OEA e a reforma do sistema interamericano; e da proposta feita ao Conselho Permanente por Costa Rica, Venezuela e Colômbia, de convocação de órgão de consulta para analisar a suspensão das sanções contra Cuba estabelecidas em 1964, contendo a posição de diversos países frente à questão e da sugestão brasileira de novo projeto (set-dez/1974). Inclui ainda documentos sobre a reforma do Tratado Interamericano de Assistência Recíproca (TIAR); sobre a V Assembléia Geral em Washington, em maio de 1975, destacando-se a reforma do sistema interamericano, a lei de comércio exterior norte-americana e a eleição do secretário-geral; sobre a discussão relativa à direitos humanos na VII Assembléia Geral em junho de 1977; e sobre a proposta mexicana de novo estatuto para a Comissão Interamericana de Direitos Humanos, que não conta com o apoio do Brasil.";NULL;02.04.1974 a 16.01.1979;1974;1979;489;"Comércio exterior; Comércio internacional; Congressos e conferências; Cooperação econômica; Cuba; Direitos humanos; Estados Unidos da América; Governo Ernesto Geisel (1974-1979); Organização dos Estados Americanos; Paraguai; Relações interamericanas; "
AAS;1974.06.07;Ministro das Relações Exteriores;Assuntos interamericanos;"Documentos referentes à criação de um sistema econômico latino-americano no período de atuação de Azeredo da Silveira como ministro das Relações Exteriores. Tratam da proposta do presidente da Venezuela, Carlos Andrés Perez, em 1974, de realização de uma reunião de presidentes latino-americanos durante as comemorações do Sesquicentenário do Congresso Anfictiónico do Panamá, na qual seria discutida um mecanismo para desenvolver os interesses comuns no campo econômico; da proposta, em março de 1975, encaminhada pelos presidentes Carlos Andrés Perez e Luiz Echeveria Alvarez, da Venezuela e do México, respectivamente, para criação do Sistema Latino-Americano (SELA); da formação de Grupo de Trabalho, que conta com a participação do Brasil, na constituição do SELA; e dos preparativos e programação das comemorações do Sesquicentenário do Congresso Anfictiónico do Panamá. Inclui ainda, a proposta de criação do Banco Interamericano de Poupança e Empréstimo (BIAPE).";NULL;07.06.1974 a 23.06.1977;1974;1977;90;"América Latina; Convites; Governo Ernesto Geisel (1974-1979); Integração econômica; Eventos e comemorações cívicas; Relações econômicas internacionais; Relações interamericanas; Relações internacionais; Sistema econômico; Panamá; Mensagens presidenciais; "
AAS;1975.03.24;Ministro das Relações Exteriores;Assuntos interamericanos;"Documentos referentes à reivindicação panamenha de soberania sobre o Canal do Panamá no período correspondente à atuação de Azeredo da Silveira como ministro das Relações Exteriores. O dossiê é composto por correspondência entre o Ministério e a Embaixada brasileira no Panamá e entre o presidente Ernesto Geisel e os presidentes da Colômbia Alfonso Lopes; da Costa Rica, Daniel Oduber; da Venezuela, Carlos Perez e do Panamá, Omar Torrijos, abordando as seguintes questões: demonstração de apoio à posição panamenha dos países latino-americanos frente ao governo norte-americano; posição brasileira favorável a um acordo que assegure a soberania panamenha sobre o canal.";NULL;24.03.1975 a 16.03.1978;1975;1978;50;"Brasil; Cooperação internacional; Governo Ernesto Geisel (1974-1979); Jimmy Carter; Política externa; Relações interamericanas; Panamá; Política internacional; "
AAS;1977.03.02;Ministro das Relações Exteriores;Assuntos interamericanos;"Documentos referentes à proposta e institucionalização do Pacto Amazônico durante a gestão de Azeredo da Silveira como ministro das Relações Exteriores. Tratam da proposta brasileira aos países amazônicos - Bolívia, Colômbia, Equador, Guiana, Peru, Suriname e Venezuela - de celebração de um tratado para a região abranjendo as áreas de navegação, interconexão rodoviárias, ferroviárias e fluviais, assistência técnica, proteção da flora e fauna, turismo, entre outras; e das negociações em torno da proposta, que se concretizou na assinatura do tratado, no dia 03 de julho de 1978.";Há anexo ao dossiê, uma análise de setembro de 1979 sobre o Tratado da Região Amazônica.;02.03.1977 a 08.03.1979;1977;1979;188;"Acordos e tratados internacionais; Amazônia; Cooperação internacional; Governo Ernesto Geisel (1974-1979); Relações interamericanas; "
AAS;1978.07.01;Ministro das Relações Exteriores;Assuntos interamericanos;Documentos referentes à proposta mexicana de realização de uma reunião sobre o desarmamento dos países da América Latina e Caribe no decorrer da atuação de Azeredo da Silveira como ministro das Relações Exteriores. Inclui informação sobre a reunião, que ocorreu em agosto de 1978, e sobre a não participação do Brasil, que defendia o caráter não regional da questão.;NULL;01/07/1978 a 00.00.1978;1978;1978;38;"América Latina; Desarmamento; Governo Ernesto Geisel (1974-1979); Relações interamericanas; "
AAS;1974.05.06;Ministro das Relações Exteriores;Bacia do Prata;Documentos referentes à atuação de Azeredo da Silveira como ministro das Relações Exteriores nas VI, VIII e IX Reuniões de Chanceleres da Bacia do Prata, ocorridas em Buenos Aires e Assunção, com o objetivo de realizar a integração da região da Bacia do Prata, principalmente no que diz respeito ao aproveitamento dos rios internacionais. O dossiê é constituído por telegramas, convites e discursos.;"Consta anexo ao dossiê, uma declaração feita na IV Reunião de Chanceleres da Bacia do Prata, que ocorreu entre 1970 e 1971, da qual Azeredo da Silveira participou como delegado do Brasil; e uma fotografia de Azeredo e outros na X Reunião de Cahnceleres da Bacia do Prata, que encontra-se no arquivo audiovisual.";06.05.1974 a 07.12.1977;1974;1977;127;"Congressos e conferências; Recursos naturais; Relações interamericanas; Relações internacionais; Bacia do Prata; "
AAS;1974.06.04;Ministro das Relações Exteriores;Bacia do Prata;"Documentos referentes à empresa Itaipu Binacional durante a gestão de Azeredo da Silveira como ministro das Relações Exteriores. O dossiê é constituído por telegramas, relatórios, estudos técnicos, entrevistas e pautas para reunião, abordando o processo de construção da usina e projetos paralelos, como o melhor aproveitamento dos rios Acary, Monday e Nianduaty, afluentes do rio Paraná. Consta ainda, do dossiê, documentos sobre a conferência da Água, em março de 1977, na qual se discutiu o aproveitamento dos rios internacionais e dos recursos naturais compartilhados; a navegação no rio Paraná; e o posicionamento do Brasil, Argentina e Paraguai diante das questões como a compatibilização de Itaipu e Corpus e o número de turbinas a ser adotado em Itaipu.";"Há, anexo ao dossiê, 24 documentos contendo estudos sobre a região, anteriores à gestão de Azeredo da Silveira no MRE; telegramas enviados ao titular felicitando-opor ocasião da inauguração de Itaipu, quando este atuava como embaixador do Brasil em Portugal; e livro sobre a utilização de rios internacionais e mapas da Bacia do Prata.";04.06.1974 a 28.12.1978;1974;1978;887;"Acordos e tratados internacionais; Argentina; Brasil; Itaipú Binacional; Paraguai; Recursos naturais; Relações internacionais; Hidrelétricas; Energia hidráulica; Bacia do Prata; "
AAS;1975.02.06;Ministro das Relações Exteriores;Bacia do Prata;"Documentos referentes à diversos assuntos envolvendo os países da Bacia do Prata durante a gestão de Azeredo da Silveira no Ministério das Relações Exteriores. Tratam de questões político-diplomáticas e comerciais, tais como: nota publicada na revista da Academia Brasileira de Letras (ABL), na qual Mota Lima teria declarado que o Brasil deveria recuperar sua província fronteiriça e o impacto que esta nota poderia causar nas relações com os países do Prata; relação com o Paraguai envolvendo a detenção de brasileros na fronteira por tráfico de drogas; preocupação das forças armadas paraguaias com possíveis ações terroristas; descontentamento paraguaio com o artigo publicado no Jornal do Brasil, no dia 11/08/1976, intitulado ""Instabilidade no Paraguai Faz Perigar Itaipu""; relação com Uruguai no que diz respeito ao protocolo de expansão comercial; relatório sobre o encontro do presidente brasileiro Ernesto Geisel e o chanceler argentino Oscar Camilión, no qual foram discutidos as relações política e comercial entre os dois países; informação sobre a posse de Jorge Rafael Videla como presidente da Argentina, entre outras.";NULL;06.02.1975 a 01.03.1979;1975;1979;112;"Acordos e tratados internacionais; Argentina; Bolívia; Brasil; Diplomacia; Uruguai; Paraguai; Política externa; Relações econômicas internacionais; Relações interamericanas; Bacia do Prata; "
AAS;1977.02.16;Ministro das Relações Exteriores;Bacia do Prata;Documentos referentes à participação de Azeredo da Silveira como ministro das Relações Exteriores nas negociações entre o Brasil e o Paraguai relativas à mudança de frequência elétrica na Usina de Itaipu. O dossiê é constituído prioritariamente por telegramas sobre alteração que seria feita no lado paraguaio da Usina, que em troca pede algumas compensações ao governo brasileiro, dentre as quais o financiamento para a construção de uma usina siderúrgica.;NULL;16.02.1977 a 28.11.1977;1977;1977;137;"Brasil; Energia elétrica; Itaipú Binacional; Paraguai; Hidrelétricas; Bacia do Prata; "
AAS;1977.03.10;Ministro das Relações Exteriores;Bacia do Prata;"Documentos referentes à atuação de Azeredo da Silveira como ministro das Relações Exteriores nas negociações ocorridas entre Brasil, Artentina e Paraguai, durante as reuniões da Comissão Tripartite, nas quais dicicutiu-se o aproveitamento do rio Paraná na construção das usinas hidrelétricas Itaipu e Corpus. Contam do dossiê documentos relativos à reuniões bilaterais, com o objetivo de discutir previamente pontos da pauta de reuniões tripartites; agendamento de uma reunião dos chanceleres dos três países envolvidos; preparação do ""documento do Rio de Janeiro"", que consiste em um acordo sobre aproveitamento hidrelétrico de Itaipu e Corpus. O dossiê é constituído por relatórios, agendamento, pautas para reuniões, minutas, atas, estudos sobre a região do rio Paraná, projetos, notas à imprensa, ""aide-memoire"", entrevistas, memorandos e telegramas, nos quais predominam uma grande preocupação com a repercussão das negociações na imprensa.";NULL;10.03.1977 a 13.03.1979;1977;1979;2186;"Acordos e tratados internacionais; Argentina; Brasil; Itaipú Binacional; Paraguai; Recursos naturais; Relações internacionais; Hidrelétricas; Energia hidráulica; Bacia do Prata; Recursos hídricos; "
AAS;1977.05.03;Ministro das Relações Exteriores;Bacia do Prata;Correspondência entre o ministro das Relações Exteriores, Azeredo da Silveira, e as embaixadas brasileiras na Argentina e no Chile referente à controvérsia existente entre esses dois países, decorrente da disputa pala fronteira austral, o canal de Beagle. A documentação se concentra no período em que o laudo arbitral, preparado pela Corte Arbitral, é apresentado, estipulando que o chile ficaria com a posse das Ilhas do Beagle, da plataforma continental e com as ilhas ao sul do canal. Os documentos informam também sobre a discordância da Argentina com relação ao laudo e sobre a proibição imposta por este país ao Brasil com relação à passagem de veículos em direção ao Chile, através do Tunel las Cuevas-Caroles.;NULL;03.05.1977 a 25.01.1979;1977;1979;133;"Argentina; Brasil; Chile; Conflitos internacionais; Limites e fronteiras; Relações internacionais; Bacia do Prata; "
AAS;1977.07.09;Ministro das Relações Exteriores;Bacia do Prata;"Documentos referentes à atuação de Azeredo da Silveira como ministro das Relações Exteriores no episódio da publicação de notas trocadas entre os governos brasileiro e argentino no jornal brasileiro ""O Estado de São Paulo"", sobre a questão do aproveitamento hidrelétrico do rio Paraná. Os documentos informam sobre a discussão gerada a partir das notas, em torno das consequências da divulgação, na imprensa, de informações diplomáticas.";"Consta anexo ao dossiê o número do jornal ""O estado de São Paulo"" que publicou as notas.";09.07.1977 a 26.08.1977;1977;1977;141;"Argentina; Brasil; Imprensa; Relações internacionais; Bacia do Prata; "
AAS;1977.09.13;Ministro das Relações Exteriores;Bacia do Prata;Documentos referentes aos assuntos que serão discutidos nas Reuniões Tripartites, entre Argentina, Paraguai e Brasil. O dossiê é constituído por relatórios, notas, informações para o senhor presidente da República Ernesto Geisel, telegramas, projetos, memorandos e recorte de jornal, sobre o aproveitamento de Itaipu e Corpus, os quais foram utilizados como subsídios para a Reunião Tripartite que se realizou em 22 e 23 de setembro de 1977.;Consta anexo ao dossiê o índice de organização desses documentos. Foi mantida a ordenação original dos documentos por ocasião de sua chegada ao CPDOC.;29.11.1972 a 13.09.1977;1972;1977;245;"Argentina; Brasil; Itaipú Binacional; Paraguai; Hidrelétricas; Energia hidráulica; Bacia do Prata; Recursos hídricos; "
AAS;1974.03.15;Ministro das Relações Exteriores;Brasil-EUA;"Documentos referentes às relações políticas, econômicas e comerciais entre Brasil e Estados Unidos no período em que Azeredo da Silveira era ministro das Relações Exteriores. O dossiê é constituído de relatórios, notas, discursos, resumos e correspondência, abordando, no âmbito das relações econômicas, a questão da exportação de calçados brasileiros ao mercado norte-americano; a discussão da criação de um grupo consultivo informal Brasil-EUA sobre assuntos econômicos; as questões referentes ao intercâmbio comercial, incluindo as negociações do Acordo Geral de Tarifas e Comércio (GATT), e a lei de comércio norte-americana promulgada em 1975, e que causou polêmica em países da América Latina por desrespeitar acordos firmados anteriormente sobre protecionismo. No âmbito das relações políticas, o dossiê inclui informações relativas ao grupo consultivo Brasil-EUA sobre cooperação científica e tecnológica; sobre a visita de Azeredo da Silveira a Washington, em outubro de 1976; e sobre o projeto e assinatura do Memorandum de Entendimento referente a consultas sobre assuntos de interesse mútuo entre Brasil-EUA. No âmbito dos direitos humanos, inclui informações sobre a prisão política de cidadãos americanos no Brasil, sobre a lei norte-americana de ajuda externa, no campo de segurança e assistência militar; e sobre a denúncia feita pelo governo brasileiro em 1977, do acordo militar Brasil-EUA de 1952.";Há 74 documentos anexos ao dossiê sobre política interna e externa norte-americana que provavelmente serviram de subsídios para a atuação de Azeredo da Silveira na relação do Brasil com os EUA. ;15.03.1974 a 00.03.1979;1974;1979;2835;"Acordo Militar Brasil - EUA (1952); Acordos e tratados internacionais; Cooperação científica e tecnológica; Cooperação internacional; Direitos humanos; Eleições presidenciais; Estados Unidos da América; Exportação; Viagens e visitas; Jimmy Carter; Legislação comercial; Política externa; Protecionismo econômico; Relações econômicas internacionais; Política internacional; Política comercial; "
AAS;1974.03.18;Ministro das Relações Exteriores;Brasil-EUA;Correspondência entre o ministro das Relações Exteriores do Brasil, Azeredo da Silveira, e o secretário de Estado norte Americano, Henry Kissenger, tratando de diversos assuntos da política internacional, com ênfase nas relações entre Brasil e Estados Unidos. Inclui documentação sobre diversos encontros entre Azeredo e Kissenger, felicitações e agradecimentos em datas comemorativas, referência à possibilidade de criação de uma Comissão Especial de Coordenação Conjunta, incluindo texto da proposta da criação da Comissão, informações sobre as relações comerciais entre os dois países, com ênfase na atuação do Departamento do Tesouro norte-americano na exportação de calçados brasileiros aos Estados Unidos e na possibilidade de cooperação em outros setores. Há também documentos relativos à conferências, reuniões e assembléias, como a reunião de consulta dos chanceleres americanos em Quito, reunião preparatória à Conferência de energia e assembléias gerais da ONU.;NULL;18.03.1974 a 12.07.1978;1974;1978;420;"Congressos e conferências; Cooperação econômica; Felicitações e congratulações; Viagens e visitas; Relações econômicas internacionais; Relações interamericanas; Relações internacionais; Henry Kissinger; "
AAS;1974.04.16;Ministro das Relações Exteriores;Brasil-EUA;"Documentos utilizados como subsídios nas conversações entre o ministro das Relações Exteriores do Brasil, Azeredo da Silveira, e o secretário de Estado norte-americano, Henry Kissenger. São notas, resumos, relatórios, discursos e correspondência, tratando de diversos assuntos, no âmbito das relações entre os dois países e da política internacional, com ênfase nas questões econômicas e comerciais, tais como no intercâmbio comercial de diversos produtos, taxação de tarifas para exportação e importação, protecionismo e relações financeiras. Inclui informações sobre a situação política interna de diversos países, principalmente América Latina e sobre reforma da Organização dos Estados Americanos (OEA). Há ainda documentação sobre a relação dos Estados Unidos com China e URSS, sobre candidatura a cargos da ONU e da OEA, sobre reuniões da Comissão dos Direitos Humanos, dos chanceleres da Bacia do Prata, do ""Policy Planning"" e do SELA, sobre direito do mar, a questão da energia nuclear e a situação política do Oriente Médio.";A documentação veio previamente organizada, razão pela qual decidiu-se respeitar a ordenação original em detrimento da ordem cronológica.;16.04.1974 a 03.12.1976;1974;1976;918;"América Latina; Direitos humanos; Energia nuclear; Estados Unidos da América; Viagens e visitas; Organização das Nações Unidas; Organização dos Estados Americanos; Oriente Médio; Política externa; Relações econômicas internacionais; Henry Kissinger; Bacia do Prata; Política comercial; "
AAS;1975.02.03;Ministro das Relações Exteriores;Brasil-EUA;Documentos referentes à visita em 1976, do secretário de Estado norte-americano, Henry Kissinger, à América Latina, incluindo o Brasil, no período de atuação de Azeredo da Silveira como ministro das Relações Exteriores. O dossiê é constituído por telegramas sobre o adiamento da visita em 1975 e sobre os diversos assuntos tratados durante a visita, como o direito do mar, relações comerciais entre Brasil e EUA, reforma da Carta da Organização dos Estados Americanos (OEA), entre outros. Inclui ainda discursos proferidos durante a visita, programa e comitiva, e comentários sobre a assinatura do Memorandum de Entendimento, o qual rege as relações bilaterais entre Brasil e Estados Unidos. Há também documentos sobre direito do mar e reforma da OEA.;Há 5 encadernados, anexo ao dossiê, com cópias de recortes de jornal e resumos do noticiário nacional e internacional sobre a visita de Henry Kissinger ao Brasil, em fevereiro de 1976. Estes encadernados não foram digitalizados, todavia encontram-se disponíveis para consulta no CPDOC.;03.02.1975 a 00.00.1976;1975;1976;348;"Acordos e tratados internacionais; América Latina; Comércio exterior; Cooperação científica e tecnológica; Estados Unidos da América; Viagens e visitas; Mar territorial; Organização dos Estados Americanos; Relações internacionais; Henry Kissinger; "
AAS;1975.03.01;Ministro das Relações Exteriores;Brasil-EUA;"Documentos referentes à visita do subsecretário dos Estados Unidos para assuntos interamericanos William Rogers, à América Latina, incluindo o Brasil, no período de atuação de Azeredo da Silveira como ministro das Relações Exteriores. A visita, realizada em março de 1975, teve caráter preparatório à visita do secretário de Estado norte-americano Henry Kissenger à América Latina, que estava prevista para abril de 1975, mas só aconteceu em 1976. Trata-se de correspondência, em sua maioria telegramas, sobre a passagem de William Rogers pelo Brasil, Argentina, Uruguai e Chile; sobre programa e comitiva da visita; e ainda sobre relações dos Estados Unidos com América Latina, especialmente com Cuba, incluindo considerações sobre o discurso do secretário de Estado, Henry Kissinger, em Houston, abordando, principalmente, o tema América Latina.";NULL;01.03.1975 a 00.03.1975;1975;1975;72;"América Latina; Cooperação econômica; Cuba; Estados Unidos da América; Viagens e visitas; Relações internacionais; "
AAS;1976.00.00;Ministro das Relações Exteriores;Brasil-EUA;"Documentos referentes às relações entre o presidente do Brasil, Ernesto Geisel, e o presidente dos Estados Unidos, Jimmy Carter, no período de atuação de Azeredo da Silveira como ministro das Relações Exteriores. São documentos previamente organizados (a maioria em xerox), que se caracterizam como subsídios para as conversações presidenciais e correspondência, entre os dois presidentes, tratando de diversos assuntos entre os quais: candidaturas e eleição de Jimmy Carter em 1976; visita de Jimmy Carter ao Brasil, Venezuela e outros países da América Latina, em março de 1978; relações bilaterais entre Brasil e Estados Unidos; e política externa brasileira e política externa norte-americana, no governo Carter.";NULL;00.00.1976 a 00.03.1979;1976;1979;859;"Acordos e tratados internacionais; Acordos e tratados nucleares; América Latina; Cooperação internacional; Direitos humanos; Eleições presidenciais; Ernesto Geisel; Estados Unidos da América; Viagens e visitas; Jimmy Carter; Política externa; Política nuclear; Relações econômicas internacionais; Relações internacionais; Política internacional; "
AAS;1977.01.27;Ministro das Relações Exteriores;Brasil-EUA;Documentos referentes à visita do secretário de estado norte-americano Cyrus Vance à Brasília, em novembro de 1977, durante o período de atuação de Azeredo da Silveira na pasta das Relações Exteriores. Inclui correspondência entre o titular e Cyrus Vance, que estrapolam o período da visita e que tratam de diversas questões no âmbito das relações do Brasil com os Estados Unidos, além de outros papéis que se caracterizam como subsídios para as conversações entre Azeredo da Silveira e Cyrus Vance, tratando das relações comerciais e políticas entre Brasil e Estados Unidos, assim como da política externa brasileira e norte-americana.;A documentação veio previamente organizada, razão pela qual decidiu-se respeitar a ordenação original em detrimento da ordem cronológica.;27.01.1977 a 00.00.1978;1977;1978;338;"Cooperação internacional; Estados Unidos da América; Viagens e visitas; Organização das Nações Unidas; Organização dos Estados Americanos; Política externa; Política nuclear; Relações econômicas internacionais; Relações internacionais; "
AAS;1977.04.29;Ministro das Relações Exteriores;Brasil-EUA;"Documentos referentes à visita do secretário assistente para Assuntos Interamericanos norte-americano, Terence Todmam ao Brasil, em maio de 1977, durante a atuação de Azeredo da Silveira como ministro das Relações Exteriores. O dossiê é constituído de textos que se caracterizam como subsídios para as conversações do secretário durante a sua estada no Brasil, subdivididos em quatro itens: a ""nova"" política exterior dos Estados Unidos; relações bilaterais entre Brasil e Estados Unidos, com ênfase no intercâmbio comercial, relações econômicas e cooperação científica e tecnológica; assuntos americanos com ênfase nas relações bilaterais dos Estados Unidos com diversos países da América Latina; e assuntos mundiais com ênfase em questões comerciais e direitos humanos. Há ainda um quinto item de anexos sobre direito do mar, política nuclear e direitos humanos.";Esta documentação veio previamente organizada, razão pela qual decidiu-se respeitar a ordenação original em detrimento da ordem cronológica.;11.02.1977 a 12.05.1977;1977;1977;197;"Acordo Militar Brasil - EUA (1952); América Latina; Comércio exterior; Direitos humanos; Estados Unidos da América; Viagens e visitas; Política nuclear; Relações econômicas internacionais; Relações interamericanas; Relações internacionais; "
AAS;1977.06.01;Ministro das Relações Exteriores;Brasil-EUA;Documentos referentes à visita da sra. Carter ao Brasil em julho de 1977, durante o período de atuação de Azeredo da Silveira como ministro das Relações Exteriores. O dossiê é constituído por documentos que compõem a agenda de assuntos tratados durante a visita, incluindo política externa norte-americana, cooperação mlitar Brasil-EUA, direitos humanos e desarmamento, relações econômicas, comerciais, culturais, científicas e tecnológicas, e política nuclear. Há ainda documentos sobre as relações dos EUA com diversos países da América, Europa Ocidental e Oriental, Oceania, África e Oriente Próximo.;Essa documentação estava previamente organizada de acordo com os ítens da agenda da visita, razão pela qual decidiu-se respeitar a ordenação original em detrimento da ordem cronológica.;01.06.1977 a 14.10.1977;1977;1977;288;"Desarmamento; Direitos humanos; Estados Unidos da América; Viagens e visitas; Política externa; Política nuclear; Relações internacionais; "
AAS;1974.03.26;Ministro das Relações Exteriores;Despachos com o presidente Geisel;"Documentos referentes aos despachos de Azeredo da Silveira como ministro das Relações Exteriores com o presidente da República Ernesto Geisel. O dossiê é composto por documentos do tipo ""Informações ao Senhor Presidente da República"" abordando diversos asuntos, tais como: questões econômicas internas e externas, conflitos, conversações e acordos políticos entre vários países, política nuclear, questões administrativas, viagens do presidente Geisel e de Azeredo da Silveira, assim como de outros chanceleres e presidentes ao Brasil.";A documentação chegou previamente organizada, razão pela qual foi mantida a ordenação original em detrimento da ordem cronológica.;26/03/1974 a 08/03/1979;1974;1979;14347;"Acordos e tratados internacionais; África; Amazônia; América Latina; Assuntos administrativos; Carreira diplomática; Comércio exterior; Comércio internacional; Comissão Econômica para a América Latina e o Caribe; Conflitos internacionais; Congressos e conferências; Convites; Cooperação científica e tecnológica; Desarmamento; Direitos humanos; Discriminação racial; Estados Unidos da América; Europa; Pedidos e solicitações; Limites e fronteiras; Governo Ernesto Geisel (1974-1979); Imigração; Intercâmbio cultural; Itaipú Binacional; Viagens e visitas; Eventos e comemorações cívicas; Organização das Nações Unidas; Organização dos Estados Americanos; Oriente Médio; Petróleo; Política nuclear; Recursos naturais; Relações econômicas internacionais; Relações internacionais; Ásia; Bacia do Prata; "
AAS;1974.04.23;Ministro das Relações Exteriores;Despachos com o presidente Geisel;"Documentos do tipo ""Lembretes"" utilizados nos despachos do ministro das Relações Exteriores, Azeredo da Silveira, com o presidente Ernesto Geisel, abordando diversos assuntos, entre os quais: questões econômicas internas e externas, conflitos, conversações e acordos políticos entre vários países, política nuclear, questões administrativas do Ministério, viagens do presidente Geisel e do titular à vários países, assim como visitas de outros chanceleres e presidentes, ao Brasil, entre outros.";A documentação chegou previamente organizada ao CPDOC, razão pela qual decidiu-se respeitar a ordenação original em detrimento da ordem cronológica.;23.04.1974 a 08.03.1979;1974;1979;5642;"Acordos e tratados internacionais; África; Amazônia; América Latina; Assuntos administrativos; Carreira diplomática; Comércio exterior; Comércio internacional; Comissão Econômica para a América Latina e o Caribe; Conflitos internacionais; Congressos e conferências; Convites; Cooperação científica e tecnológica; Desarmamento; Direitos humanos; Discriminação racial; Estados Unidos da América; Europa; Pedidos e solicitações; Limites e fronteiras; Governo Ernesto Geisel (1974-1979); Imigração; Intercâmbio cultural; Itaipú Binacional; Viagens e visitas; Eventos e comemorações cívicas; Organização das Nações Unidas; Organização dos Estados Americanos; Oriente Médio; Petróleo; Política nuclear; Recursos naturais; Relações econômicas internacionais; Relações internacionais; Ásia; Bacia do Prata; "
AAS;1974.03.12;Ministro das Relações Exteriores;ONU;Documentos referentes à participação de Azeredo da Silveira na XXIXª Assembléia Geral das Nações Unidas. O dossiê é constituído por correspondência e relatórios, que tratam dos temas discutidos nesta assembléia, com ênfase na questão da nova ordem mundial e da situação energética. Destaca-se os documentos sobre os conflitos no Oriente Médio e sobre inclusão da questão palestina no temário da assembléia. O dossiê inclui ainda dois encadernados de telegramas recebidos e expedidos por Azeredo da Silveira durante sua permanência na Assembléia, que tratam de assuntos administrativos, felicitações pelo aniversário do titular, entre outros. Há também outros encadernados em que constam o relatório da Delegação do Brasil à XXIXª Assembléia Geral da ONU, os anexos ao relatório com todas as resoluções da Assembléia, e os discursos proferidos por diversas autoridades durante o evento.;Das 6 pastas, 5 dizem respeito a documentos encadernados que, devido a sua espessura não pode ser guardados dentro das pastas, razão pela qual encontram-se localizados, fisicamente, no final do arquivo. Há dois documentos anexos ao dossiê: um relatório dos trabalhos da Segunda Comissão da Delegação do Brasil à XXVª Assembléia Geral da ONU e o relatório da delegação brasileira à XXVIIIª Assembléia Geral da ONU. ;12.03.1974 a 04.03.1979;1974;1979;5208;"Assuntos administrativos; Conflitos internacionais; Energia; Felicitações e congratulações; Organização das Nações Unidas; Oriente Médio; Palestina; "
AAS;1975.01.23;Ministro das Relações Exteriores;ONU;"Documentos relativos à participação de Azeredo da Silveira na XXXª Assembléia Geral das Nações Unidas e na VIIª Sesão Especial da Assembléia Geral, ocorridas em setembro de 1975. O dossiê é constituído por discursos, telegramas e relatórios, tratando dos assuntos discutidos nesta assembléia, destacando-se a questão do sionismo no Oriente Médio e da votação do projeto de resolução ""Eliminação de todas as formas de discriminação racial"". Há também documentos sobre as relações econômicas entre países desenvolvidos e países em desenvolvimento, com ênfase na questão comercial, tema discutido na VIIª Sessão Especial. O dossiê inclui ainda um encadernado com telegramas recebidos e expedidos por Azeredo da Silveira durante sua permanência na Assembléia, e dois encadernados em que constam o relatório da delegação à XXXª Assembléia Geral e discursos proferidos pelo titular e outras autoridades nesta assembléia.";Das 4 pastas, 3 dizem respeito a documentos encadernados. Entretanto, devido a sua espessura, não foi possível colocar esses encadernados dentro das pastas, razão pela qual encontram-se fisicamente localizados no final do arquivo.;23.01.1975 a 11.12.1975;1975;1975;1000;"Acordos e tratados comerciais; Assuntos administrativos; Congressos e conferências; Discriminação racial; Organização das Nações Unidas; Relações econômicas internacionais; Sionismo; "
AAS;1975.02.18;Ministro das Relações Exteriores;ONU;"Documentos referentes à conferências, reuniões e programas de diversos organismos da Organização das Nações Unidas (ONU), durante a gestão de Azeredo da Silveira no Ministério das Relações Exteriores. O dossiê é constituído por correspondência tratando da participação do Brasil em programas da UNESCO; das reuniões do Programa das Nações Unidas para o Meio Ambiente (UNEP), incluindo a questão da poluição e monitoramento oceânico e dos recursos naturais compartilhados; da participação brasileira na IIIª Conferência sobre Direito do mar de 1975 e 1977; e da indicação de Brasília para sede da VIIª reunião do Plenário da Associação Regional III da América do Sul da Organização Metereológica Mundial (OMM). O dossiê inclui ainda relatório da delegação brasileira à Conferência da ONU sobre Asilo Territorial em 1977, além de documentação sobre o Cconselho de Segurança da ONU e sobre a Conferência Mundial de Desarmamento em 1975.";NULL;18.02.1975 a 12.02.1979;1975;1979;109;"Congressos e conferências; Desarmamento; Meio ambiente; Metrologia; Organização das Nações Unidas; Recursos marítimos; Recursos naturais; UNESCO; Conselho de Segurança da ONU; "
AAS;1976.08.25;Ministro das Relações Exteriores;ONU;Documentos referentes à participação de Azeredo da Silveira na XXXIª Assembléia Geral das Nações Unidas, ocorrida em setembro de 1976. O dossiê é constiuído por correspondência sobre as eleições ao cargo de secretário geral da ONU para 1977, sobre avaliações posteriores dos resultados da Assembléia e sobre as diretrizes da delegação brasileira para a Assembléia, destacando-se o relatório sobre as diretrizes. Há também discursos proferidos por Azeredo da Silveira na Assembléia e um encadernado com telegramas recebidos e expedidos pelo titular durante sua permanência na assembléia, tratando de assuntos tais como relações internacionais, relações diplomáticas, assuntos administrativos, entre outros.;Das 2 pastas,uma diz respeito a documentos encadernados que, devido a sua espessura, não pode ser guardado dentro da pasta, encontrando-se fisicamente localizado no final do arquivo.;25.08.1976 a 07.12.1976;1976;1976;592;"Assuntos administrativos; Congressos e conferências; Eleições; Organização das Nações Unidas; Política externa; Relações econômicas internacionais; Relações internacionais; "
AAS;1977.03.04;Ministro das Relações Exteriores;ONU;Documentos referentes à participação de Azeredo da Silveira na XXXIIª Assembléia Geral das Organizações das Nações Unidas, no período em que esteve a frente do Ministério das Relções Exteriores. O dossiê é constituído por correspondência, que trata da questão dos direitos humanos, da política norte-americana, da conferência sobre açúcar e da conferência sobre direito internacional. Há também discursos proferidos pelo titular e pelo presidente dos Estados unidos, Jimmy Carter, na Assembléia. O dossiê inclui ainda, um encadernado com telegramas recebidos e expedidos durante sua permanência na Assembléia, tratando de diversos assuntos no âmbito da política internacional.;Das 2 pastas, uma diz respeito a documentos encaderndos que, devido a sua espessura, não pode ser guardado dentro da pasta encontrando-se, fisicamente, localizado no final do arquivo.;04.03.1977 a 21.10.1977;1977;1977;532;"Açúcar; Congressos e conferências; Direito internacional; Direitos humanos; Organização das Nações Unidas; Relações internacionais; "
AAS;1978.05.11;Ministro das Relações Exteriores;ONU;Documentos referentes à participação de Azeredo da Silveira na XXXIIIª Assembléia Geral da Organização das Nações Unidas, no período em que atuou como ministro das Relações Exteriores. O dossiê é constituído por correspondência tratando, principalmente, da sessão especial da Assembléia dedicada à questão do desarmamento nuclear, incluindo a posição do Brasil em relação ao projeto do Iraque. Há também jornais e informativos oficiais da ONU em que constam algumas resoluções desta Assembléia. O dossiê inclui ainda discurso de Azeredo da Silveira na abertura da Assembléia e dois encadernados com telegramas recebidos e expedidos pelo titular durante sua permanência na Assembléia, tratando de assuntos, tais como questões administrativas, relações internacionais, entre outros.; Das 3 pastas do dossiê, 2 dizem respeito a encadernados contendo documentos. Entretanto, devido a sua espessura, não foi possível colocar os encadernados dentro das pastas, razão pela qual, encontram-se fisicamente localizados no final do arquivo.;11.05.1978 a 17.11.1978;1978;1978;827;"Congressos e conferências; Desarmamento; Organização das Nações Unidas; Política externa; Relações internacionais; "
AAS;1978.11.01;Ministro das Relações Exteriores;ONU;Documentos referentes à escolha do Brasil para ser membro permanente do Conselho de Administração da Organização Internacional do Trabalho (OIT), da Organização das Nações Unidas -ONU, durante a gestão de Azeredo da Silveira no Ministério das Relações Exteriores. O dossiê é constituído por correspondência tratando da indicação e escolha do Brasil, reação do governo brasileiro e posicionamento de diversos países em relação à escolha.;NULL;01.11.1978 a 17.11.1978;1978;1978;40;"Brasil; Organização das Nações Unidas; Organização Internacional do Trabalho; "
AAS;1974.08.15;Ministro das Relações Exteriores;Política nuclear;"Documentos referentes à atuação de Azeredo da Silveira, como ministro das Relações Exteriores, na assinatura e implementação do Acordo de Cooperação Nuclear Brasil-Alemanha, em 1975. O dossiê é constituído, basicamente, de correspondência abordando as seguintes questões: negociações no âmbito da política nuclear para a assinatura do Acordo, em junho de 1975; Acordo Trilateral de Salvaguardas entre Alemanha, Brasil e Agência Internacional de Energia Atômica (AIEA), exigido como complemento ao Acordo Brasil-Alemanha; possível suspensão da implementação do Acordo, em 1977, por parte da Alemanha, em decorrência de pressão dos Estados Unidos, que acusava o Brasil de não ter assinado o Tratado de Não Proliferação - TNP. Inclui ainda documentos sobre conversações entre Brasil-EUA, Brasil-Alemanha-EUA, e Alemanha-EUA, a respeito da questão da não proliferação de armas nucleares.";NULL;15.08.1974 a 06.02.1979;1974;1979;657;"Acordo Nuclear Brasil - Alemanha (1975); Acordos e tratados nucleares; Alemanha; Estados Unidos da América; Política nuclear; Relações internacionais; "
AAS;1974.09.11;Ministro das Relações Exteriores;Política nuclear;Documentos referentes à política nuclear de diversos países, entre os quais França, Canadá, Argélia, Chile, México, Índia, Paraguai e Argentina, e sobre as relações do Brasil com esses países, no período de atuação de Azeredo da Silveira como ministro das Relações Exteriores. A documentação é constituída por correspondência tratando, principalmente, da exploração de jazidas de urânio e da exportação desse produto e de material nuclear relacionada à questão da não proliferação de armas nucleares. ;NULL;11.09.1974 a 21.02.1979;1974;1979;83;"Acordos e tratados nucleares; Argentina; Canadá; Chile; França; India; México; Paraguai; Política nuclear; Relações internacionais; Urânio; Argélia; "
AAS;1975.00.00;Ministro das Relações Exteriores;Política nuclear;Documentos produzidos no período de atuação de Azeredo da Silveira, como ministro das Relações Exteriores, referentes à Agência de Proscrição de Armas Nucleares da América Latina (OPANAL), criada em 1969, em decorrência do Tratado de Tlatelolco, em 1967. Trata-se de correspondência abordando a questão da não-proliferação nuclear militar na América Latina, a participação do Brasil na OPANAL, e a estrutura e regulamento desta agência, entre outras questões.;NULL;00.00.1975 a 05.02.1979;1975;1979;34;"Acordos e tratados nucleares; América Latina; Desarmamento; Política nuclear; "
AAS;1975.04.25;Ministro das Relações Exteriores;Política nuclear;Documentos referentes ao Programa Nuclear Brasileiro, durante a gestão de Azeredo da Silveira, como ministro das Relações Exteriores, tratando de diversos aspectos da política nuclear tais como o Acordo de Cooperação Nuclear Brasil - Alemanha (1975) e a questão das salvaguardas internacionais, entre outros. Merece destaque o relatório publicado oficialmente, explicando a necessidade da opção nuclear como solução para o problema energético brasileiro, explicitando os propósitos pacíficos do Programa Nuclear e esclarecendo a posição brasileira frente ao problema da proliferação de armas nucleares.;NULL;25.04.1975 a 30.05.1977;1975;1977;260;"Acordo Nuclear Brasil - Alemanha (1975); Acordos e tratados nucleares; Desarmamento; Política nuclear; Programa Nuclear Brasileiro; "
AAS;1975.09.25;Ministro das Relações Exteriores;Política nuclear;"Documentos referentes à cooperação entre Brasil e Estados Unidos no âmbito da política nuclear, durante a gestão de Azeredo da Silveira, como ministro das Relações Exteriores. O dossiê é constituído por correspondência tratando do fornecimento de serviços de enriquecimento de urânio americano ao Brasil e da questão da não proliferação de armamentos nucleares, com destaque para o documento sobre o ""International Fuel Cycle Evaluation Program (INFCEP), um programa para evitar a proliferação do uso de tecnologia nuclear. Inclui ainda informações sobre a visita ao Brasil do embaixador Gerard Smith, representante especial do presidente Carter para assuntos de não proliferação.";NULL;25.09.2975 a 13.06.1978;1975;1978;172;"Acordos e tratados nucleares; Brasil; Desarmamento; Estados Unidos da América; Política nuclear; Urânio; "
AAS;1976.12.28;Ministro das Relações Exteriores;Política nuclear;Documentos referentes à atuação de Azeredo da Silveira, como ministro das Relações Exteriores, nas negociações do Brasil com a empresa URENCO (Holanda, Inglaterra e Alemanha) de comercialização de urânio enriquecido. O dossiê é constiuído por correspondência, tratando principalmente do fornecimento de urânio enriquecido ao Brasil, através do acordo URENCO-Nuclebrás. Inclui negociações políticas entre os países membros da URENCO, assim como as posições de cada país, inclusive do Brasil, para a aprovação do acordo de fornecimento. Há ainda documentos sobre a questão das medidas de segurança para garantir a não proliferação de armas nucleares, pois o fato do Brasil não ter assinado o Tratado de Não Proliferação (TNP) apresenta-se como obstáculo ao referido acordo.;NULL;28.12.1976 a 00.00.1978;1976;1978;186;"Acordos e tratados nucleares; Alemanha; Empresas Nucleares Brasileiras S.A.; Holanda; Inglaterra; Política nuclear; Relações internacionais; Urânio; Urenco; "
AAS;1974.02.06;Ministro das Relações Exteriores;Relações bilaterais;"Documentos referente à atuação de Azeredo da Silveira, como ministro das Relações Exteriores, nas relações bilaterais entre o Brasil e diversos países da Ásia, entre os quais China, Tailândia, Indonésia, Coréia, Índia, Kwait, Irã e Arábia Saudita, abordando  questões relativas à diplomacia e ao comércio. Destacam-se um comunicado da embaixada chinesa no Brasil sobre o falecimento do líder do Partido Comunista Chinês, Mao Tse Tung;  documentos sobre a missão comercial brasileira à Pequim, chefiada pelo ministro Shigeaki Ueki, da qual resultaram acordos na área de petróleo, minério de ferro e açúcar; e documento relatando as dificuldades encontradas pela Embaixada do Brasil na Arábia Saudita, relativas ao exercício das atividades diplomáticas. Inclui ainda o comunicado da Organização da Palestina (OLP), ao presidente Ernesto Geisel, elogiando a posição do Brasil na XXX Sessão da Assembléia Geral da ONU, em face das questões do sionismo; negociações com a Líbia para compra de petróleo e troca de correspondência com vários dos referidos países com convites para visitas, agradecimentos e felicitações.";NULL;06.02.1974 a 09.03.1979;1974;1979;534;"Comércio exterior; Cooperação internacional; Viagens e visitas; Petróleo; Política externa; Relações internacionais; Sionismo; Ásia; "
AAS;1974.02.18;Ministro das Relações Exteriores;Relações bilaterais;"Documentos referentes às relações entre o Brasil e a Bolívia durante a gestão de Azeredo da Silveira, como ministro das Relações Exteriores, abordando, entre outras questões, os acertos para a implementação do acordo de Cochabamba, assinado em maio de 1975, sobre o fornecimento de gás natural boliviano ao Brasil e importação de produtos siderúrgicos pelo Brasil; a controvérsia entre o Chile e a Bolívia sobre a reivindicção boliviana de usar a saída para o mar; a eleição de Juan Pereda Asbun para presidente da Bolívia e a visita do embaixador Ostria Trigo à Brasília, para apresentar a nova política do governo boliviano. Inclui ainda mensagens de fim de ano e agradecimentos, assim como informações sobre o comércio entre os dois países.";NULL;18.02.1974 a 00.03.1979;1974;1979;219;"Acordos e tratados internacionais; Bolívia; Brasil; Comércio exterior; Viagens e visitas; Política externa; Recursos naturais; Relações internacionais; "
AAS;1974.03.18;Ministro das Relações Exteriores;Relações bilaterais;"Documentos referentes às relações entre o Brasil e o Vaticano no período correspondente à gestão de Azeredo da Silveira no Ministério das Relações Exteriores. A documentação é composta, sobretudo, por correspondência entre o Itamaraty e autoridades da Santa-Sé, assim como com a Embaixada brasileira nesse Estado, contendo felicitações para o governo do presidente Ernesto Geisel;  mensagens do Papa para a celebração do dia da paz dos anos de 1976 e 1978; informações sobre a missão ao Brasil da Comissão de Justiça e PAz do Vaticano, em fevereiro de 1977, com vistas à elaborar um relatório sobre direitos humanos no Brasil; dados sobre à participação da Igreja em questões políticas, no Brasil, e apresentação das credenciais do embaixador brasileiro, Espedito Rezende, em julho de 1977. Inclui ainda documentos sobre a libertação do acerbispo Hilarion Capucci, em Tel Aviv, em novembro de 1977, e sobre a sucessão papal.";NULL;18.03.1974 a 13.02.1979;1974;1979;153;"Anticomunismo; Felicitações e congratulações; Política externa; Relações internacionais; Segurança nacional; Igreja e Estado; Agradecimentos; Santa Sé (Vaticano); "
AAS;1974.03.19;Ministro das Relações Exteriores;Relações bilaterais;"Documentos referentes à atuação de Azeredo da Silveira, como ministro das Relações Exteriores, nas relações entre o Brasil e diversos países da América do Sul, entre eles Equador, Guiana, Peru, Colômbia e Chile, abordando assuntos relacionados às questões diplomáticas e comerciais. Destacam-se o acordo entre a Empresa Siderurgia Brasileira S/A (SIDERBRÁS) e a Colômbia, sobre compra de carvão e minério de ferro bolivianos e e venda de produtos siderúrgicos brasileiros (1974); as negociações de exportação de material militar brasileiro para o Chile; o encontro dos presidentes brasileiro e peruano, Ernesto Geisel e Francisco Morales, no rio Amazonas, em novembro de 1976,sobre a fronteira dos dois países, no qual foi assinado o Convênio Comercial e outros acordos; e o acordo entre o Brasil e a Colômbia para execução de uma política conjunta de sustentação de preços do café, assinado em Manaus, em novembro de 1977. Inclui ainda felicitações, agradecimentos e informações sobre visitas de autoridades desses países ao Brasil e vice-versa.";NULL;19.03.1974 a 12.02.1979;1974;1979;322;"Acordos e tratados comerciais; Acordos e tratados internacionais; América do Sul; Brasil; Café; Comércio exterior; Felicitações e congratulações; Viagens e visitas; Política externa; Recursos naturais; Relações internacionais; Agradecimentos; "
AAS;1974.03.25;Ministro das Relações Exteriores;Relações bilaterais;"Documentos referentes à atuação de Azeredo da Silveira como minstro das Relações Exteriores nas relações entre o Brasil e diversos países da América Central, entre os quais, El Salvador, Nicaraguá, Trindad e Tobago, Costa Rica, Panamá, Haiti e México. O dossiê possui informações sobre viagens de autoridades desses países ao Brasil e vice-versa; felicitações e agradecimentos; assuntos diplomátios e comerciais. Destacam-se os documentos relativos ao encontro de Azeredo da Silveira com o secretário da Indústria e Comércio do México, José Campillo Sáinz, em Brasília, em março de 1974, tratando das relações entre os dois países, e à visita do Ministro da Indústria e Comércio, Angelo Calmon de Sá, ao México, em dezembro de 1978. ";NULL;25.03.1974 a 11.12.1978;1974;1978;137;"Acordos e tratados comerciais; Acordos e tratados internacionais; América Central; Brasil; Comércio internacional; Felicitações e congratulações; Viagens e visitas; Relações internacionais; Pêsames e condolências; "
AAS;1974.04.08;Ministro das Relações Exteriores;Relações bilaterais;"Documentos referentes à atuação de Azeredo da Silveira, como Ministro das Relções Exteriores, nas relações entre o Brasil e o Japão. Tratam do projeto de criação de uma empresa para exploração de bauxita na região amazônica brasileira; das negociações para acordos que evitem a dupla tributação; da cooperação tecnológica e industrial; e da participação japonesa no projeto siderúrgico da usina de Tubarão. Inclui ainda convites, felicitações, agradecimentos e informações sobre visitas de autoridades japonesas ao Brasil e vice-versa.";NULL;08.04.1974 a 23.01.1979;1974;1979;205;"Acordos e tratados internacionais; Brasil; Cooperação científica e tecnológica; Indústria siderúrgica; Viagens e visitas; Japão; Política externa; Recursos naturais; Relações internacionais; Agradecimentos; "
AAS;1974.04.14;Ministro das Relações Exteriores;Relações bilaterais;"Documentos referentes às relações entre diversos países durante a atuação de Azeredo da SIlveira, como ministro das Relações Exteriores, abordando assuntos relacionados às relações políticas e econômicas internacionais, entre as quais,a participação norte-americana nas negociações do conflito do Oriente Médio;  o atentado à Embaixada cubana, em Lisboa;  e o tratado de Assistência Militar entre o Peru e a União Soviética.";NULL;14.04.1974 a 05.03.1979;1974;1979;108;"Acordos e tratados internacionais; Cooperação militar; Cuba; Oriente Médio; Política externa; Relações internacionais; Política internacional; "
AAS;1974.04.17;Ministro das Relações Exteriores;Relações bilaterais;"Documentos referentes à atuação de Azeredo da Silveira, como ministro das Relações Exteriores, nas relações bilaterais entre o Brail e diversos países da Europa, entre os quais Noruega, Bulgária, Países Baixos, Tchecoslováquia, Grécia, Iugoslávia, URSS, Espanha, Itáliae CEE. O dossiê contém informações sobre as viagens de autoridades desses países ao Brasil e vice-versa; convites para solenidades e visitas; agradecimentos por hospedagens e jantares, entre outros.";NULL;17.04.1974 a 12.03.1979;1974;1979;459;"Brasil; Comércio exterior; Convites; Europa; Viagens e visitas; Política externa; Relações internacionais; Agradecimentos; "
AAS;1974.04.20;Ministro das Relações Exteriores;Relações bilaterais;"Documentos referentes às relações entre o Brasil e a França durante a gestão de Azeredo da Silveira no Ministério das Relações Exteriores, abordando as seguintes questões: prisão do cidadão francês, Serge Michel Sevin, pelo Departamento de Ordem Política e Social do Rio de Janeiro; apresentação de credenciais do embaixador brasileiro na França, Antônio Delfim Neto, em fevereiro de 1975; negociações para instalação de estações de rastreamento, no território brasileiro, para o projeto ARIANE; e contestação, pelo governo francês, da prisão de barcos pesqueiros japoneses por autoridades brasileiras, por considerar que os barcos estavam em águas da Guiana Francesa. Inclui ainda informações sobre: a visita de Azeredo da Silveira à França, em outubro de 1975, para a assinatura do acordo marítimo franco-brasileiro; viagem dos ministros franceses, Jean Sauvagnargues e Raymond Barre, em janeiro de 1976, ao Brasil, ocasião em que foi criada a ""Grande Comissão de Competência Geral"", visando a examinar as relações franco-brasileiras; e visita do presidente Giscard D''Estaing ao Brasil, em outubro de 1978, na qual foi negociada a participação francesa no projeto SUAPE do Complexo industrial-portuário do Recife. Inclui ainda documentos sobre a indenização paga ao governo francês em face da desapropriação do Banco Hipotecário e Agrícola de Minas Gerais; e sobre a participação francesa no consórcio europeu para participação nos projetos hidrelétricos de Tucuruí, Itaparica e Xingó.";NULL;20.04.1974 a 11.02.1979;1974;1979;718;"Acordos e tratados internacionais; Brasil; Cooperação científica e tecnológica; Cooperação econômica; Felicitações e congratulações; França; Viagens e visitas; Política externa; Relações internacionais; Agradecimentos; Hidrelétricas; "
AAS;1974.05.07;Ministro das Relações Exteriores;Relações bilaterais;"Documentos referentes à atuação de Azeredo da Silveira, como Ministro das Relações Exteriores, nas relações entre o Brasil e o Uruguai tratando das negociações e assinatura do Tratado de Amizade, Cooperação e Comércio e mais dez atos complementares relacionados a temas políticos e econômicos de interesse mútuo, entre os quais o projeto da hidrelétrica de Palmar e do desenvolvimento de Lagoa Mirim, além do protocolo de expansão comercial (1975); da política interna uruguaia; e da visita do chanceler Juan Carlos Blanco e do novo presidente uruguaio Aparício Mendez, ao Brasil, em julho de 1977. Inclui ainda documentos sobre a Comissão Mista brasileiro-uruguaia de pesca  e presservação dos recursos vivos do mar e das águas interiores limítrofes (1976). ";NULL;07.05.1974 a 30.01.1979;1974;1979;326;"Acordos e tratados comerciais; Brasil; Comércio exterior; Cooperação econômica; Cooperação internacional; Uruguai; Viagens e visitas; Política externa; Relações internacionais; Hidrelétricas; "
AAS;1974.05.23;Ministro das Relações Exteriores;Relações bilaterais;"Documentos referentes à atuação de Azeredo da Silveira, como ministro das Relações Exteriores, nas relações entre o Brasil e Portugal. O dossiê contém informações sobre a designação do general Dafontoura para o posto de embaixador brasileiro, em Portugal; a missão ao Brasil do primeiro-ministro português Carlos Galvão de Mello, em junho de 1974, após os aconteimentos político de 25 de Abril, que depôs o general Spínola; a viagem do titular à Lisboa, em dezembro de 1974, para acerto da agenda de conversações sobre acordos vigentes, entre os dois países, nas áreas comercial, de cooperação técnica, cultural, econômica e judiciária, além do estabelecimento de mecanismos de consultas bilaterais e de cooperação na ONU, principalmente, com relação à questão da descolonização da África portuguesa  e a relação do Brasil com esses países. Inclui ainda documentos sobre o asilo político do general Spínola e outros portugueses no Brasil, e de brasileiros em Portugal, entre os quais, Leonel Brizola, em outubro de 1977; sobre a imigração portuguesa; a visita ao Brasil do primeiro-ministro português Mário Soares, em dezembro de 1976; a independência dos Açores (1977); a denúncia pela Assembléia portuguesa da situação dos presos políticos brasileiros; e a visita do presidente português Ramalho Eanes, ao Brasil, em maio de 1978, para tratar da cooperação lusa-brasileira, na África.  ";Há anexo ao dossiê, uma carta do antecessor de Azeredo da Silveira na pasta do MRE, Mário Gibson Barboza, para o presidente Médice, sobre reclamação do governo português da abstençao da delegação brasileira, na ONU, na votação de dois projetos anti-portugueses.;23.05.1974 a 17.01.1979;1974;1979;629;"Acordos e tratados internacionais; África; Brasil; Cooperação científica e tecnológica; Cooperação cultural; Cooperação econômica; Cooperação internacional; Descolonização; Felicitações e congratulações; Viagens e visitas; Leonel Brizola; Política externa; Portugal; Relações internacionais; Agradecimentos; Asilo político; "
AAS;1974.07.02;Ministro das Relações Exteriores;Relações bilaterais;"Documentos referentes à atuação de Azeredo da Silveira como ministro das Relações Exteriores nas relações entre o Brasil e a Alemanha. O dossiê contém informações sobre os preparativos para a visita do ministro à República Federal Alemã, em junho de 1975, incluindo o progama da viagem, dados sobre a Alemanha, a comissão mista teuto-brasileira de cooperação econômica, científica e tecnológica, e  o encontro empresarial dos dois países, assimm como sobre os temas que serão abordados na visita - cooperação nuclear e financeira, comércio e assuntos de política internacional. Inclui ainda documentos sobre visitas de autoridades alemãs ao Brasil e vice-versa; descolonização na África; Oriente Médio; e acertos para se criar um mecanismo de consulta em questões de interesse comum.";NULL;02.07.1974 a 00.03.1979;1974;1979;291;"África; Alemanha; Brasil; Comércio exterior; Cooperação científica e tecnológica; Cooperação econômica; Viagens e visitas; Oriente Médio; Política externa; Política nuclear; Programa Nuclear Brasileiro; Relações internacionais; "
AAS;1974.08.19;Ministro das Relações Exteriores;Relações bilaterais;"Documentos referentes à atuação de Azeredo da Silveira como Ministro das Relações Exteriores nas relações bilaterais entre o Brasil  e diversos países da África, entre eles, África do Sul, Argélia, Angola, Costa do Marfim, Moçambique e Nigéria. O dossiê é constituído por correspondência enre o Itamaraty e as embaixadas, postos diplomáticos brasileiros nesses países, e  autoridades africanas tratando de visitas de autoridades desses países ao Brasil e vicce-versa; agradecimentos; mensagens de amizade, respeito e cooperação. Destacam-se os documentos relativos à proclamação de independência de Angola, assim como informações sobre a questão da descolonização dos países de língua portuguesa (Cabo Verde, Guiné Bissau e Moçambique). Inclui ainda documentos sobre a invasão do Saara Ocidental pelo Marrocos e Mauritânia, carta do presidente do Egito El-Sadat a Geisel enfatizando a necessidade de se manter o diálogo sobre a paz no Oriente e elogiando a posição do Brasil na ONU em relação ao sionismo, além de informações sobre a viagem de Azeredo da Silveira à Abdijan (Costa do Marfim), em junho de 1975.";NULL;19.08.1974 a 13.02.1979;1974;1979;541;"Acordos e tratados internacionais; África; Brasil; Cooperação internacional; Descolonização; Felicitações e congratulações; Oriente Médio; Política externa; Relações internacionais; Sionismo; Agradecimentos; Mensagens presidenciais; Eventos e comemorações sociais; Angola; "
AAS;1974.08.27;Ministro das Relações Exteriores;Relações bilaterais;"Documentos referentes às relações bilaterais entre o Brasil e  Reino Unido durante a gestão de Azeredo da Silveira como ministro das Relações Exteriores. A documentação é constituída de correspondência do Itamaraty com a embaixada brasileira em Londres, assim como com autoridades inglesas, abordando as seguintes questões: visita de Azeredo da Silveira à Londres em outubro de 1974, na qual foi assinado o Memorando de Entendimento que cria um mecanismo de consulta anglo-brasileiro e negociado a cooperação tecnológica e industrial no setor de siderurgia;  visita ao Brasil do sub-secretário para América Latina, Ted Rowlands, em janeiro de 1976, como parte do mecanismo de consulta; renúncia do primeiro-ministro britânico, Harold Wilson, em março de 1976 e eleição, em abril de 1976, de James Callaghan para substituí-lo;  condições de presos políticos no Reino Unido; e visita à Inglaterra do vice-presidente eleito, Aureliano Chaves de Mendonça, em dezembro de 1978. Inclui ainda convites para visitas e agradecimentos.";Há documentos em inglês;27.08.1974 a 19.12.1978;1974;1978;123;"Acordos e tratados internacionais; Brasil; Convites; Cooperação científica e tecnológica; Inglaterra; Viagens e visitas; Política externa; Relações internacionais; Agradecimentos; "
AAS;1974.10.00;Ministro das Relações Exteriores;Relações bilaterais;"Documentos referentes às relações bilaterais entre Brasi e Senegal durante a gestão de Azeredo da Silveira, como ministro das Relações Exteriores abordando questões relacionadas a viagem do titular à Dacar, em novembro de 1974, com vistas à situar o governo brasileiro no quadro das relações diplomáticas dos territórios em processo de desolonização portuguesa na África. Inclui ainda informações sobre a política externa brasileira em relação à questão, com ênfase no propósito de estreitamento das relações entre os dois países no setor tecnológico, cultural, financeiro e comercial; sobre a I Feira Internacional de Dacar; e sobre a visita do presidente do Senegal, Leopold Senghor, ao Brasil, em novembro de 1977.";NULL;00.10.1974 a 04.03.1979;1974;1979;417;"África; Brasil; Cooperação econômica; Cooperação internacional; Descolonização; Feiras e exposições; Viagens e visitas; Moçambique; Política externa; Relações internacionais; Senegal; Angola; "
AAS;1974.10.24;Ministro das Relações Exteriores;Relações bilaterais;Documentos referentes às relações entre o Brasil e a Venezuela no período em que Azeredo da Silveira atuou como ministro das Relações Exteriores abordando particularmente a visita, ao Brasil, do presidente venezuelano Carlos Andrés Perez, em novembro de 1977, que resultou na assinatura do Convênio de Amizade e Cooperação, no entendimento do acordo sobre transporte terrestre entre os dois países, no acerto do encontro presidencial na região fronteiriça e no estabelecimento de uma agência do Banco do Brasil na Venezuela e vice-versa. Inclui ainda correspondência sobre a visita do presidente norte-americano, Jimmy Carter, ao Brasil e de Henry Kissinger aos dois países, além de assuntos relacionados à política nuclear, à compra de petróleo venezuelano pelo Brasil, em janeiro de 1979, e a visitas de autoridades venezuelanas ao Brasil e vice-versa.;NULL;24.10.1974 a 25.01.1979;1974;1979;149;"Acordos e tratados internacionais; Banco do Brasil; Brasil; Cooperação internacional; Viagens e visitas; Política externa; Relações internacionais; Venezuela; "
AAS;1974.10.25;Ministro das Relações Exteriores;Relações bilaterais;Documentos referentes às relações entre o Braisl e a Argentina durante a gestão de Azeredo da Silveira como ministro das Relações Exteriores. A documentação é constituída, sobretudo, por correspondência, abordando questões relacionadas à política interna argentina, à cooperação entre os dois países no setor mineral e às relações de amizade entre os dois países, no campo da política internacional. Inclui ainda documentos sobre as visitas de autoridades argentinas ao Brasil e vice versa.;NULL;25.10.1974 a 00.03.1979;1974;1979;147;"Argentina; Brasil; Cooperação internacional; Viagens e visitas; Política externa; Relações interamericanas; Relações internacionais; "
AAS;1974.12.13;Ministro das Relações Exteriores;Relações bilaterais;"Documentos referentes às relações entre o Brasil e o Canadá durante a gestão de Azeredo da Silveira, como ministro das Relações Exteriores, abordando as seguintes questões: negociação de venda de veículos militares brasileiros, ao Canadá, em 1975; participação do Brasil nos jogos de Montreal, em 1976; comissão mista brasileiro-canadense, em novembro de 1976; cooperação científica e tecnológica na área de agricultura e no setor mineral; visita, ao Brasil, do ministro das Relações Exteriores do Canadá, Donald Jamieson, em janeiro de 1977, na qual será tratada a cooperação mineral, industrial, agrícola, financeira e técnica entre os dois países; e visita ao Brasil do ministro das Finanças do Canadá, Jean Chrétien, em janeiro de 1979, para tratar da cooperação financeira e da dupla tributação, entre outros. Inclui ainda  mensagens de felicitações e agradecimentos.";NULL;13.12.1974 a 12.01.1979;1974;1979;143;"Brasil; Canadá; Comércio exterior; Cooperação científica e tecnológica; Cooperação cultural; Cooperação econômica; Esportes; Viagens e visitas; Política externa; Relações internacionais; "
AAS;1974.12.24;Ministro das Relações Exteriores;Relações bilaterais;"Documentos referentes às relações entre o Brasil e o Paraguai no período correspondente à atuação de Azeredo da Silveira como ministro das Relações Exteriores, abordando os seguintes assuntos: visita do presidente Alfredo Stroessner à Santa Catarina, em abril de 1977; encontro entre os presidentes Ernesto Geisel e Alfredo Stoessner, em Campo Grande (Mato Grosso); viagem de Stroessner à Brasília em março de 1979, para assistir à posse do presidente eleito João Batista Figueiredo; e informações sobre liberação de recursos, pelo governo brasileiro, para o recapeamento do trecho da rodovia Caraguazu-Porto Presidente Stroessner, obra necessária ao desenvolvimento dos trabalhos da hidrelétrica Itaipú. Destaca-se a mensagem de final de ano do presidente Geisel, dirigida ao povo paraguaio através da ""Rádio Primero de Marzo"", fazendo menção à importância da construção da usina de Itaipú para os dois países. Inclui ainda mensagens de felicitações de final de ano e agradecimentos.";NULL;24.12.1974 a 08.03.1979;1974;1979;90;"Brasil; Felicitações e congratulações; Itaipú Binacional; Viagens e visitas; Paraguai; Política externa; Relações internacionais; Hidrelétricas; Eventos e comemorações sociais; "
AAS;1975.00.00;Ministro das Relações Exteriores;Relações multilaterais;"Documentos referentes às Conferências dos Países Não Alinhados e à participação do Brasil como observador dessas conferências, durante a gestão de Azeredo da Silveira no Minstério das Relações Exteriores. O dossiê contém informações sobre a V Conferência de Cúpula ocorrida em Colombo (Siri Lanka), em agosto de 1976, incluindo o relatório da delegação brasileira com as principais resoluções no campo político e econômico; sobre as instruções para os observadores brasileiros à VI Reunião dos chefes dos Países Não Alinhados, realizada em Belgrado, entre os dias 25 e 29 de julho de 1978; e sobre as resoluções e propostas desta última reunião referente à questão do Oriente Médio.";NULL;00.00.1975 a 30.07.1978;1975;1978;80;"Congressos e conferências; Governo Ernesto Geisel (1974-1979); Oriente Médio; Política de não alinhamento; "
AAS;1975.03.15;Ministro das Relações Exteriores;Relações multilaterais;"Documentos referentes à política internacional do petróleo no período em que Azeredo da Silveira atuava como ministro das Relações Exteriores. O dossiê contém convite dos presidentes da Venezuela e do Equador, ao Brasil, para participar de uma reunião preparatória da Conferência de Paris sobre a crise energética mundial e sobre os resultados da ""Conferencia de los Soberanos y Jefes de Estado de los Paises Miembros de la OPEP"", ocorrida em Argel em 1975; informações sobre o aumento do preço do petróleo, em dezembro de 1976; dados sobre as políticas de importação e exportação desse produto, em diversos países, em função do aumento do preço; documentos sobre  medida venezuelana de congelamento e compensação dos preços para a venda de petróleo no mercado latino-americano; e sobre o aumento das importações de petróleo do Kwait para o Brasil.";NULL;15.03.1975 a 24.01.1979;1975;1979;145;"Brasil; Exportação; Governo Ernesto Geisel (1974-1979); Importação; Oriente Médio; Petróleo; Política energética; Recursos energéticos; Relações internacionais; Venezuela; Política de preços; "
AAS;1974.06.13;Ministro das Relações Exteriores;Viagens do ministro;"Documentos encadernados referentes aos períodos em que o ministro Azeredo da Silveira esteve ausente do Itamaraty, durante sua gestão, em viagens oficiais. Os documentos tratam dos mais diversos assuntos de interesse do Ministério das Relações Exteriores, tais como: preparação e relatórios sobre a Comissão de Cooperação Econômica Internacional; acordo nuclear com a Alemanha; relação do Brasil com os Estados Unidos; diretrizes da política internacional brasileira; entre outros. Alguns encadernados reúnem documentos que dizem respeito às viagens realizadas pelo presidente Ernesto Geisel e das quais Azeredo da Silveira integrou as comitivas.";Consideramos cada encadernado como uma pasta. Entretanto, dado a sua espessura, não foi possível colocá-lo dentro das pastas, razão pela qual encontram-se localizados fisicamente no final do arquivo.;10.06.1974 a 07.12.1978;1974;1978;7193;"Acordos e tratados comerciais; Acordos e tratados internacionais; África; América Latina; Comércio exterior; Comércio internacional; Conflitos internacionais; Congressos e conferências; Cooperação científica e tecnológica; Cooperação econômica; Cuba; Descolonização; Diplomacia; Direitos humanos; Economia; Energia nuclear; Estados Unidos da América; Europa; Itaipú Binacional; Viagens e visitas; Organização das Nações Unidas; Organização dos Estados Americanos; Oriente Médio; Petróleo; Política interna; Política nuclear; Portugal; Recursos naturais; Relações econômicas internacionais; Relações interamericanas; Relações internacionais; Sionismo; Henry Kissinger; Ásia; Política internacional; Movimentos políticos; Bacia do Prata; "
AAS;1975.09.03;Ministro das Relações Exteriores;Viagens do presidente Geisel;"Documentos referentes à atuação de Azeredo da Silveira como ministro das Relações Exteriores nas viagens do presidente Ernesto Geisel à França, em abril de 1976, e à Inglaterra, em maio de 1976. O dossiê é constituído por correspondência, relatórios e estudos que tratam dos preparativos para as viagens, tais como discursos, agendas e programas, e dos subsídios para as conversações com as autoridades francesas e inglesas, abordando questões de interesses bilaterais, além de perfis das autoridades desses países. Destacam-se os documentos sobre a participação francesa na construção da Usina de Tucuruí e sobre a repercussão política, na Inglaterra, da visita do presidente brasileiro, alvo de críticas ao regime militar vigente no Brasil, além dos livros intitulados ""Viagem do Presidente Geisel à França. Registro Histórico e Repercussões"" e ""Viagem do Presidente Geisel à Inglaterra. Registro Histórico e Repercussões"".";NULL;03.09.1975 a 00.00.1976;1975;1976;833;"Cooperação científica e tecnológica; Cooperação econômica; França; Governo Ernesto Geisel (1974-1979); Inglaterra; Viagens e visitas; Política externa; Protesto político; Relações internacionais; "
AAS;1976.03.30;Ministro das Relações Exteriores;Viagens do presidente Geisel;"Documentos referentes à atuação de Azeredo da Silveira, como ministro das Relações Exteriores, na viagem do presidente Ernesto Geisel ao Japão, em setembro de 1976. O dossiê é constituído por correspondência, estudos e relatórios, entre outros, tratando dos preparativos para a visita, tais como discursos, presentes, recepções e informações para a imprensa. Inclui também documentos sobre as negociações relativas à cooperação tecnológica, industrial, e no setor agrícola. Destaca-se o livro ""Viagem do Presidente Geisel ao Japão. Registro Histórico e Repercussões"".";NULL;30.03.1976 a 31.01.1977;1976;1977;439;"Comércio exterior; Cooperação científica e tecnológica; Cooperação cultural; Viagens e visitas; Japão; Política externa; Relações internacionais; "
AAS;1977.10.31;Ministro das Relações Exteriores;Viagens do presidente Geisel;"Documentos referentes à atuação de Azeredo da Silveira como ministro das Relações Exteriores na viagem do presidente Ernesto Geisel ao México e ao Uruguai. O dossiê é constituído por correspondência e estudos, tratando dos preparativos para a visita, tais como roteiros, projetos de discursos e programas, entre outros. Destacam-se o livro ""Viagem do Presidente Geisel ao Uruguai. Registro Histórico e Repercussões"" e os documentos tratando das negociações com o México para estabelecimento do Convênio de Amizade, Comércio e Cooperação, além de acordos de cooperação industrial, rádio amadorismo, cuja viabilidade estava sendo analisada. Consta ainda do dossiê, informações sobre as manifestações de grupos mexicanos contrários à visita presidencial.";NULL;31.10.1977 a 00.02.1978;1977;1978;167;"Acordos e tratados comerciais; Acordos e tratados culturais; Cooperação científica e tecnológica; Uruguai; Governo Ernesto Geisel (1974-1979); Viagens e visitas; México; Protesto político; Relações internacionais; "
AAS;1978.01.12;Ministro das Relações Exteriores;Viagens do presidente Geisel;"Documentos referentes à atuação de Azeredo da Silveira como ministro das Relações Exteriores na viagem do presidente Ernesto Geisel à Alemanha. O dossiê é constituído, sobretudo, por correspondência, abordando as seguintes questões: providências preliminares de organização da comitiva de viagem, recepções e discursos; informações sobre o projeto de acordo de transferência de tecnologia para o desenvolvimento da vacina contra a doença de chagas, do Instituto Behring para a Fundação Oswaldo Cruz;   visita do presidente Geisel ao Centro de Pesquisa de Karlsuhe (KFK), Acordo Nuclear Brasil-Alemanha e sua repercussão nos Estados Unidos e na própria Alemanha, e artigos de jornais argentinos e alemães sobre a viagem.";A documentação é constituída de cópias xerox, cujos originais se encontram provavelmenteno Arquivo do Itamaraty ou da Presidência da república.  ;12.01.1978 a 02.03.1978;1978;1978;124;"Acordo Nuclear Brasil - Alemanha (1975); Alemanha; Cooperação científica e tecnológica; Doenças; Energia nuclear; Fundação Oswaldo Cruz; Viagens e visitas; Política nuclear; Política sanitária; Relações internacionais; "
;;;;;;;;;;
;;;;;;;;;67457;
